epoch,n1,n2,n3,n4,n5,n6,n7,n8
1,9.3600,16.0660,31.5080,48.5360,63.1040,71.8380,73.0080,74.4840
2,21.7080,36.8180,53.3960,63.5900,67.2520,70.7960,70.9780,72.1020
3,32.4860,46.3040,60.2780,65.7320,66.5020,71.8900,72.3520,72.9300
4,39.7060,52.5240,62.3920,65.2720,68.9980,72.1360,72.7200,72.8760
5,43.5540,55.6600,64.1520,67.5980,69.5060,72.3720,72.3280,73.5560
6,49.0380,60.6520,65.6860,68.3440,69.8260,73.0220,72.7320,73.8480
7,51.9500,62.0380,66.5640,69.1660,70.3840,72.7080,72.7220,73.2420
8,51.4340,61.9700,66.3780,68.9460,70.9040,72.4800,73.0040,73.3760
9,53.5000,63.1020,67.3740,69.1980,70.4980,72.7020,73.1140,73.3100
10,54.5720,62.5840,67.1820,68.6900,70.9000,72.7940,73.1600,73.4300
11,56.3620,63.7620,67.8420,69.3120,71.2240,73.1480,73.3980,73.6080
12,55.2060,64.2780,68.3740,69.0860,70.9560,73.0760,73.6320,73.3760
13,56.9520,63.8360,67.8720,69.8320,71.0900,73.7180,73.5380,74.0660
14,56.5440,64.5740,68.1480,70.1180,70.6080,73.3920,73.6280,74.2540
15,57.2560,65.2900,67.8560,69.8480,71.1920,73.4540,73.7860,74.2780
16,57.9020,66.1040,68.1500,69.8480,70.5960,73.5020,73.8220,74.4120
17,58.1280,65.7000,68.8740,70.0520,71.3080,74.2540,74.1560,74.4440
18,58.0360,64.5280,68.3040,69.4560,70.8640,74.1480,74.2740,74.6040
19,59.0800,64.8580,69.3100,69.8980,71.8480,74.5960,75.0580,74.9320
20,59.6260,65.1620,68.5380,70.2280,71.8940,74.6940,75.0400,75.2340
21,59.0880,65.5000,68.6800,70.2700,71.5420,74.8780,75.3620,75.5640
22,57.8660,65.9620,68.9340,71.0360,72.2080,75.4700,75.8940,75.8440
23,59.3940,66.6700,68.9660,70.5320,71.9200,75.8420,75.8000,76.4320
24,58.7040,66.4780,69.3640,70.8180,71.5540,75.7320,75.9400,76.4840
25,59.3480,67.4140,69.7640,71.0460,72.6300,76.6300,76.6940,76.7640
26,59.0860,66.0340,68.9620,70.8640,72.3340,76.5640,76.7340,77.0460
27,61.2540,65.9880,69.8320,71.4220,73.1140,77.0540,76.9740,77.4960
28,60.8380,68.0680,70.4860,72.0760,73.4900,77.4780,77.6840,78.0020
29,61.6940,67.8460,70.3040,71.8440,73.7000,77.8880,77.9540,78.1060
30,61.5860,68.0400,70.8720,72.2660,74.5000,78.1620,78.2000,78.4660
31,61.2240,68.2060,70.5000,72.2940,73.9540,78.1440,78.3120,78.3960
32,62.0540,68.1980,71.1180,72.4540,74.2160,78.5760,78.8240,78.9280
33,62.1160,68.3640,70.8360,71.8400,73.8620,78.8000,78.8120,78.9160
34,62.1140,68.6340,71.0540,72.5460,74.4040,78.9400,78.9680,79.1000
35,61.7940,68.6820,71.5700,73.0460,74.7120,79.1620,79.3180,79.2300
36,62.6660,68.4220,71.5580,73.1200,74.7580,79.2420,79.2960,79.3420
37,62.8340,68.0580,71.4660,72.9120,74.8700,79.4020,79.3900,79.4900
38,62.5640,68.4640,71.7280,73.1880,74.9600,79.4380,79.4920,79.4260
39,62.9500,68.2320,71.8820,73.3340,75.0760,79.3580,79.4400,79.3900
40,63.0580,69.1120,72.3260,73.2960,75.7440,79.4080,79.4920,79.4700
41,63.0720,68.8120,72.5440,73.5360,75.9620,nan,nan,nan
42,63.4840,69.5580,72.6140,74.1900,76.0840,nan,nan,nan
43,63.9120,69.4960,72.2560,73.6340,76.3260,nan,nan,nan
44,64.3880,69.5400,72.5700,73.9940,76.5780,nan,nan,nan
45,63.8640,69.9260,72.8540,74.5880,76.7960,nan,nan,nan
46,63.6560,69.3620,73.3020,74.4140,77.1500,nan,nan,nan
47,64.3520,70.2100,73.6000,74.8000,77.3540,nan,nan,nan
48,64.7580,70.3600,73.7660,74.8620,77.5180,nan,nan,nan
49,64.6480,70.3700,73.7740,75.0420,77.7440,nan,nan,nan
50,65.3540,70.9040,73.7480,75.2080,77.8720,nan,nan,nan
51,65.4560,70.8200,74.3500,75.4120,77.8640,nan,nan,nan
52,65.4660,70.9540,74.3740,75.5380,78.1260,nan,nan,nan
53,65.7200,71.1320,74.5300,75.8060,78.2500,nan,nan,nan
54,65.7140,70.8780,74.7120,75.8560,78.3920,nan,nan,nan
55,66.2680,71.4440,74.9720,76.2480,78.4740,nan,nan,nan
56,66.4060,71.6640,75.0940,76.1340,78.3680,nan,nan,nan
57,66.6080,71.7560,75.1960,76.6040,78.5600,nan,nan,nan
58,66.3920,72.1780,75.4300,76.7640,78.5660,nan,nan,nan
59,66.6720,72.4140,75.6840,76.7520,78.6180,nan,nan,nan
60,67.1440,72.6520,75.8860,76.9340,78.5340,nan,nan,nan
61,67.2780,72.5840,75.9660,77.1080,nan,nan,nan,nan
62,67.4980,72.5880,76.2000,77.3540,nan,nan,nan,nan
63,67.9080,72.9840,76.4000,77.3720,nan,nan,nan,nan
64,67.6420,73.1800,76.3300,77.7160,nan,nan,nan,nan
65,68.0020,72.8960,76.5260,77.6580,nan,nan,nan,nan
66,68.3420,73.5260,76.6880,77.9040,nan,nan,nan,nan
67,68.5260,73.6960,76.7680,78.0680,nan,nan,nan,nan
68,68.5220,73.8240,76.9580,78.0300,nan,nan,nan,nan
69,68.9980,74.0500,77.0360,78.0920,nan,nan,nan,nan
70,68.9220,74.0820,76.9860,78.1620,nan,nan,nan,nan
71,69.3080,74.3440,77.0720,78.2100,nan,nan,nan,nan
72,69.5900,74.3620,77.1380,78.3400,nan,nan,nan,nan
73,69.6820,74.4320,77.2040,78.3020,nan,nan,nan,nan
74,69.9460,74.7860,77.2640,78.3820,nan,nan,nan,nan
75,70.0780,74.8900,77.1680,78.3300,nan,nan,nan,nan
76,70.2580,74.9280,nan,nan,nan,nan,nan,nan
77,70.4540,75.2000,nan,nan,nan,nan,nan,nan
78,70.5320,75.4140,nan,nan,nan,nan,nan,nan
79,70.7040,75.3660,nan,nan,nan,nan,nan,nan
80,70.8040,75.5020,nan,nan,nan,nan,nan,nan
81,70.9000,75.6300,nan,nan,nan,nan,nan,nan
82,70.9920,75.8380,nan,nan,nan,nan,nan,nan
83,71.1900,75.8860,nan,nan,nan,nan,nan,nan
84,71.2920,75.8840,nan,nan,nan,nan,nan,nan
85,71.3980,75.9200,nan,nan,nan,nan,nan,nan
86,71.2980,75.8640,nan,nan,nan,nan,nan,nan
87,71.3520,75.9500,nan,nan,nan,nan,nan,nan
88,71.4960,75.9840,nan,nan,nan,nan,nan,nan
89,71.4220,75.9700,nan,nan,nan,nan,nan,nan
90,71.4660,76.0520,nan,nan,nan,nan,nan,nan
