model,corpus,pruning_rate_pct,regime,accelerators,throughput_fps,latency_ms,top1_pct,budget_tpu
inception_resnet_v2,baseline,0,parallel,1,7.025320759700051,142.30933735000002,80.9,
inception_resnet_v2,baseline,0,parallel,2,14.049492677697216,142.25103999375,80.9,
inception_resnet_v2,baseline,0,parallel,3,21.02389914914628,142.47474900416668,80.9,
inception_resnet_v2,baseline,0,parallel,4,28.040072273731425,142.3693550625,80.9,
inception_resnet_v2,baseline,0,parallel,5,35.016751646311704,142.4231362475,80.9,
inception_resnet_v2,baseline,0,parallel,6,41.94857948056231,142.5786706375,80.9,
inception_resnet_v2,baseline,0,parallel,7,48.90023162089822,142.71048769107145,80.9,
inception_resnet_v2,baseline,0,parallel,8,55.79585549440278,142.913605215625,80.9,
inception_resnet_v2,baseline,0,pipeline,2,14.380638835997644,128.32343086666668,80.9,
inception_resnet_v2,baseline,0,pipeline,3,22.83515989236901,110.51849916666669,80.9,
inception_resnet_v2,baseline,0,pipeline,4,32.64298568050065,95.27050326666668,80.9,
inception_resnet_v2,baseline,0,pipeline,5,43.777407694274274,77.27700723333332,80.9,
inception_resnet_v2,baseline,0,pipeline,6,58.3023758345689,62.9991742,80.9,
inception_resnet_v2,baseline,0,pipeline,7,69.48621482787601,44.1097243,80.9,
inception_resnet_v2,baseline,0,pipeline,8,92.84149160533036,46.59902003333334,80.9,
inception_v1_googlenet,baseline,0,parallel,1,200.1178028467073,4.9743151375,68.25,2.0
inception_v1_googlenet,baseline,0,parallel,2,391.91680313679234,5.02431916875,68.25,2.0
inception_v1_googlenet,baseline,0,parallel,3,557.7979446112591,5.208684033333333,68.25,2.0
inception_v1_googlenet,baseline,0,parallel,4,745.0084405382048,5.129020312500001,68.25,2.0
inception_v1_googlenet,baseline,0,parallel,5,916.3830060345424,5.16412477,68.25,2.0
inception_v1_googlenet,baseline,0,parallel,6,1084.1803253078097,5.213281504166668,68.25,2.0
inception_v1_googlenet,baseline,0,parallel,7,1252.3056008334845,5.268177219642858,68.25,2.0
inception_v1_googlenet,baseline,0,parallel,8,1421.7654342640233,5.342984584375,68.25,2.0
inception_v1_googlenet,baseline,0,pipeline,2,219.480277670974,5.7877103000000005,68.25,2.0
inception_v1_googlenet,baseline,0,pipeline,3,222.96420125246016,7.483842333333333,68.25,2.0
inception_v1_googlenet,baseline,0,pipeline,4,239.66985549306784,9.898166333333332,68.25,2.0
inception_v1_googlenet,baseline,0,pipeline,5,246.74919654143497,10.318266566666663,68.25,2.0
inception_v1_googlenet,baseline,0,pipeline,6,265.45231082872886,12.859971133333335,68.25,2.0
inception_v1_googlenet,baseline,0,pipeline,7,269.08378531785223,13.331149700000005,68.25,2.0
inception_v1_googlenet,baseline,0,pipeline,8,271.0987204838473,14.8471954,68.25,2.0
inception_v2_bninception,baseline,0,parallel,1,63.88041377014471,15.6218616875,71.25,2.0
inception_v2_bninception,baseline,0,parallel,2,127.08828400282842,15.65122120625,71.25,2.0
inception_v2_bninception,baseline,0,parallel,3,189.7929684762428,15.669421508333334,71.25,2.0
inception_v2_bninception,baseline,0,parallel,4,250.8321120161029,15.741691768749998,71.25,2.0
inception_v2_bninception,baseline,0,parallel,5,312.630141577639,15.73855739,71.25,2.0
inception_v2_bninception,baseline,0,parallel,6,371.406378084664,15.8319752125,71.25,2.0
inception_v2_bninception,baseline,0,parallel,7,431.496546411443,15.868633594642857,71.25,2.0
inception_v2_bninception,baseline,0,parallel,8,486.3382834383893,16.04246154375,71.25,2.0
inception_v2_bninception,baseline,0,pipeline,2,252.79136810505145,5.4225185,71.25,2.0
inception_v2_bninception,baseline,0,pipeline,3,270.43780374876894,7.340172133333334,71.25,2.0
inception_v2_bninception,baseline,0,pipeline,4,301.8378001913222,9.6868315,71.25,2.0
inception_v2_bninception,baseline,0,pipeline,5,314.3337642430129,9.786467933333336,71.25,2.0
inception_v2_bninception,baseline,0,pipeline,6,339.73129174304927,12.092425566666666,71.25,2.0
inception_v2_bninception,baseline,0,pipeline,7,282.37101890130185,13.9752747,71.25,2.0
inception_v2_bninception,baseline,0,pipeline,8,360.7277713448743,15.356980866666664,71.25,2.0
inception_v3,baseline,0,parallel,1,18.680220962767063,53.498980725,77.3,5.0
inception_v3,baseline,0,parallel,2,37.34290544526517,53.459178,77.3,5.0
inception_v3,baseline,0,parallel,3,55.51420303856264,53.79946709166666,77.3,5.0
inception_v3,baseline,0,parallel,4,74.02377019293155,53.712272075,77.3,5.0
inception_v3,baseline,0,parallel,5,92.42657723686716,53.7201313625,77.3,5.0
inception_v3,baseline,0,parallel,6,110.52652536812596,53.830118979166656,77.3,5.0
inception_v3,baseline,0,parallel,7,128.7834951768012,53.90819913571429,77.3,5.0
inception_v3,baseline,0,parallel,8,146.5317254450144,54.1256312265625,77.3,5.0
inception_v3,baseline,0,pipeline,2,45.20816038963349,35.659971133333336,77.3,5.0
inception_v3,baseline,0,pipeline,3,72.60047619360189,21.879000033333337,77.3,5.0
inception_v3,baseline,0,pipeline,4,111.36059596627422,16.5344845,77.3,5.0
inception_v3,baseline,0,pipeline,5,143.4864588358218,19.045657100000003,77.3,5.0
inception_v3,baseline,0,pipeline,6,157.60333429081297,20.210581366666663,77.3,5.0
inception_v3,baseline,0,pipeline,7,157.21288006845063,23.28172176666667,77.3,5.0
inception_v3,baseline,0,pipeline,8,158.43781330087344,24.477852966666667,77.3,5.0
inception_v4,baseline,0,parallel,1,9.449490018276196,105.794905775,80.4,
inception_v4,baseline,0,parallel,2,18.80535876262146,106.2904944875,80.4,
inception_v4,baseline,0,parallel,3,28.25152306215064,105.96454437083334,80.4,
inception_v4,baseline,0,parallel,4,37.61093014456666,106.0100106875,80.4,
inception_v4,baseline,0,parallel,5,47.01558661867711,105.97423739,80.4,
inception_v4,baseline,0,parallel,6,56.30793870679242,106.10477925625,80.4,
inception_v4,baseline,0,parallel,7,65.59919825428341,106.24506374642858,80.4,
inception_v4,baseline,0,parallel,8,74.88076824777825,106.378396284375,80.4,
inception_v4,baseline,0,pipeline,2,19.21135903416906,94.26327216666664,80.4,
inception_v4,baseline,0,pipeline,3,31.245551988184488,77.03662276666667,80.4,
inception_v4,baseline,0,pipeline,4,43.46652278233407,64.64566143333333,80.4,
inception_v4,baseline,0,pipeline,5,59.24336373816063,48.92149456666665,80.4,
inception_v4,baseline,0,pipeline,6,74.89555999057728,36.705463566666666,80.4,
inception_v4,baseline,0,pipeline,7,90.09239749031096,38.85487406666666,80.4,
inception_v4,baseline,0,pipeline,8,121.6192787864574,40.72789293333334,80.4,
resnet101,baseline,0,parallel,1,9.803269356876864,101.9730136125,74.5,
resnet101,baseline,0,parallel,2,19.54400399425305,102.27808853125,74.5,
resnet101,baseline,0,parallel,3,29.380201138139928,101.97116211666663,74.5,
resnet101,baseline,0,parallel,4,39.07097857404921,102.199621578125,74.5,
resnet101,baseline,0,parallel,5,48.8941860290466,102.0027958975,74.5,
resnet101,baseline,0,parallel,6,58.576824222350666,102.11439616041667,74.5,
resnet101,baseline,0,parallel,7,68.29660687506185,102.14078622857144,74.5,
resnet101,baseline,0,parallel,8,77.88311990994605,102.3010014125,74.5,
resnet101,baseline,0,pipeline,2,22.581681792514598,85.4107686,74.5,
resnet101,baseline,0,pipeline,3,38.98976962981853,68.37937013333332,74.5,
resnet101,baseline,0,pipeline,4,69.74303234654553,50.45783316666667,74.5,
resnet101,baseline,0,pipeline,5,116.8174861454936,33.01321696666667,74.5,
resnet101,baseline,0,pipeline,6,143.30486204879264,27.2730837,74.5,
resnet101,baseline,0,pipeline,7,141.37276467613734,30.0232505,74.5,
resnet101,baseline,0,pipeline,8,141.93718409528847,31.995199,74.5,
resnet152,baseline,0,parallel,1,6.913232875908945,144.61972298749998,77.25,
resnet152,baseline,0,parallel,2,13.846511117561608,144.36154221249998,77.25,
resnet152,baseline,0,parallel,3,20.766523206373108,144.32645158333332,77.25,
resnet152,baseline,0,parallel,4,27.69086633292476,144.25202221249998,77.25,
resnet152,baseline,0,parallel,5,34.59286988759624,144.2804033425,77.25,
resnet152,baseline,0,parallel,6,41.46918361793961,144.36476797916666,77.25,
resnet152,baseline,0,parallel,7,48.34765084074605,144.4290768625,77.25,
resnet152,baseline,0,parallel,8,55.200592048843966,144.51987709062502,77.25,
resnet152,baseline,0,pipeline,2,15.316028826143928,127.67048753333334,77.25,
resnet152,baseline,0,pipeline,3,25.871740084023536,110.56164163333332,77.25,
resnet152,baseline,0,pipeline,4,38.90564635860806,93.50944150000002,77.25,
resnet152,baseline,0,pipeline,5,51.78094049562996,77.68727539999999,77.25,
resnet152,baseline,0,pipeline,6,79.93196630653803,60.08880283333333,77.25,
resnet152,baseline,0,pipeline,7,129.8692774975829,42.77723300000001,77.25,
resnet152,baseline,0,pipeline,8,141.27583287321855,36.38972363333334,77.25,
resnet50,baseline,0,parallel,1,19.62239297331526,50.9289039,73.25,5.0
resnet50,baseline,0,parallel,2,39.169041255315854,50.9768083625,73.25,5.0
resnet50,baseline,0,parallel,3,58.671753336880975,50.99557845833333,73.25,5.0
resnet50,baseline,0,parallel,4,78.10594083468683,51.016452021875,73.25,5.0
resnet50,baseline,0,parallel,5,97.43964331435151,51.0609301375,73.25,5.0
resnet50,baseline,0,parallel,6,116.70529534544296,51.11113354166667,73.25,5.0
resnet50,baseline,0,parallel,7,135.84999768907025,51.1816916625,73.25,5.0
resnet50,baseline,0,parallel,8,154.79517770317335,51.28123459375,73.25,5.0
resnet50,baseline,0,pipeline,2,52.75022047465665,34.00898996666667,73.25,5.0
resnet50,baseline,0,pipeline,3,137.52048840401457,17.44221103333333,73.25,5.0
resnet50,baseline,0,pipeline,4,142.50638705165449,17.5457663,73.25,5.0
resnet50,baseline,0,pipeline,5,213.038016626078,13.709237300000002,73.25,5.0
resnet50,baseline,0,pipeline,6,239.85679565886304,15.409558766666668,73.25,5.0
resnet50,baseline,0,pipeline,7,246.1857965252666,17.748548033333336,73.25,5.0
resnet50,baseline,0,pipeline,8,266.1411293113977,17.943512900000005,73.25,5.0
inception_resnet_v2,sweepN,31,parallel,1,8.840364413088725,113.08529718,78.86,
inception_resnet_v2,sweepN,31,parallel,2,17.681293250434095,113.0069656,78.86,
inception_resnet_v2,sweepN,31,parallel,3,26.48205340587213,113.08901753333336,78.86,
inception_resnet_v2,sweepN,31,parallel,4,35.26397950996345,113.1223427925,78.86,
inception_resnet_v2,sweepN,31,parallel,5,44.03282658741079,113.161152798,78.86,
inception_resnet_v2,sweepN,31,parallel,6,52.76482968382103,113.25092422166664,78.86,
inception_resnet_v2,sweepN,31,parallel,7,61.5207589630557,113.34089582,78.86,
inception_resnet_v2,sweepN,31,parallel,8,70.15199447069064,113.57314180375,78.86,
inception_resnet_v2,sweepN,31,pipeline,2,18.28201628888455,99.20649616666668,78.86,
inception_resnet_v2,sweepN,31,pipeline,3,26.163791717500352,84.71269956666666,78.86,
inception_resnet_v2,sweepN,31,pipeline,4,36.92131127553722,68.25676803333333,78.86,
inception_resnet_v2,sweepN,31,pipeline,5,45.26615067772456,52.2542248,78.86,
inception_resnet_v2,sweepN,31,pipeline,6,57.95405562423304,43.72878983333333,78.86,
inception_resnet_v2,sweepN,31,pipeline,7,67.88061931599852,40.62096503333332,78.86,
inception_resnet_v2,sweepN,31,pipeline,8,73.61158800685116,44.92573926666668,78.86,
inception_resnet_v2,sweepN,39,parallel,1,10.146973911607404,98.52830818,79.2,8.0
inception_resnet_v2,sweepN,39,parallel,2,20.29001903728384,98.46908415,79.2,8.0
inception_resnet_v2,sweepN,39,parallel,3,30.3822893946374,98.53168935333332,79.2,8.0
inception_resnet_v2,sweepN,39,parallel,4,40.437899592456525,98.605483335,79.2,8.0
inception_resnet_v2,sweepN,39,parallel,5,50.47861795802572,98.667314366,79.2,8.0
inception_resnet_v2,sweepN,39,parallel,6,60.436715074587134,98.78420915166669,79.2,8.0
inception_resnet_v2,sweepN,39,parallel,7,70.4902866950277,98.8401401385714,79.2,8.0
inception_resnet_v2,sweepN,39,parallel,8,80.38341088009068,99.03594457,79.2,8.0
inception_resnet_v2,sweepN,39,pipeline,2,20.60801126723397,86.510031,79.2,8.0
inception_resnet_v2,sweepN,39,pipeline,3,33.13355328161327,68.71820636666665,79.2,8.0
inception_resnet_v2,sweepN,39,pipeline,4,47.11476123363636,56.00064923333333,79.2,8.0
inception_resnet_v2,sweepN,39,pipeline,5,62.667092126924096,40.424012100000006,79.2,8.0
inception_resnet_v2,sweepN,39,pipeline,6,83.04791833080336,38.477668533333336,79.2,8.0
inception_resnet_v2,sweepN,39,pipeline,7,95.3653579468474,38.23102426666666,79.2,8.0
inception_resnet_v2,sweepN,39,pipeline,8,109.44884318493936,42.0890552,79.2,8.0
inception_resnet_v2,sweepN,45,parallel,1,11.634785382042011,85.91817418999999,78.54,7.0
inception_resnet_v2,sweepN,45,parallel,2,23.27943094701176,85.81086641000002,78.54,7.0
inception_resnet_v2,sweepN,45,parallel,3,34.82442382074326,85.94971221666667,78.54,7.0
inception_resnet_v2,sweepN,45,parallel,4,46.38291905498623,85.95292658999999,78.54,7.0
inception_resnet_v2,sweepN,45,parallel,5,57.82872432515425,86.082327686,78.54,7.0
inception_resnet_v2,sweepN,45,parallel,6,69.29082545738041,86.10585389666667,78.54,7.0
inception_resnet_v2,sweepN,45,parallel,7,80.75731556156036,86.22609427285714,78.54,7.0
inception_resnet_v2,sweepN,45,parallel,8,92.10842232528638,86.40151938750002,78.54,7.0
inception_resnet_v2,sweepN,45,pipeline,2,22.608026302040344,74.22484933333334,78.54,7.0
inception_resnet_v2,sweepN,45,pipeline,3,37.000164988545706,57.24559916666666,78.54,7.0
inception_resnet_v2,sweepN,45,pipeline,4,52.7762485610536,43.85971303333333,78.54,7.0
inception_resnet_v2,sweepN,45,pipeline,5,74.4802758160724,33.75004136666667,78.54,7.0
inception_resnet_v2,sweepN,45,pipeline,6,95.3418657788178,34.745478266666666,78.54,7.0
inception_resnet_v2,sweepN,45,pipeline,7,118.8720765482633,37.9988091,78.54,7.0
inception_resnet_v2,sweepN,45,pipeline,8,122.94527267367508,39.84719826666666,78.54,7.0
inception_resnet_v2,sweepN,60,parallel,1,15.688446607844137,63.70853239000001,77.22,5.0
inception_resnet_v2,sweepN,60,parallel,2,31.381565876316536,63.62536564,77.22,5.0
inception_resnet_v2,sweepN,60,parallel,3,46.943668237018905,63.71558806999999,77.22,5.0
inception_resnet_v2,sweepN,60,parallel,4,62.48762246150652,63.7229996025,77.22,5.0
inception_resnet_v2,sweepN,60,parallel,5,77.85803511378448,63.772308254,77.22,5.0
inception_resnet_v2,sweepN,60,parallel,6,93.12099374657,63.93737814499999,77.22,5.0
inception_resnet_v2,sweepN,60,parallel,7,108.55673405984976,64.01841531000001,77.22,5.0
inception_resnet_v2,sweepN,60,parallel,8,123.67527635535004,64.21834148875,77.22,5.0
inception_resnet_v2,sweepN,60,pipeline,2,33.50037460973148,49.83826843333333,77.22,5.0
inception_resnet_v2,sweepN,60,pipeline,3,58.81984978036209,32.60551853333334,77.22,5.0
inception_resnet_v2,sweepN,60,pipeline,4,82.32578624832585,26.0398619,77.22,5.0
inception_resnet_v2,sweepN,60,pipeline,5,104.7241716853684,23.583566966666663,77.22,5.0
inception_resnet_v2,sweepN,60,pipeline,6,118.45036845876392,27.219300766666667,77.22,5.0
inception_resnet_v2,sweepN,60,pipeline,7,123.11730752366776,31.7331666,77.22,5.0
inception_resnet_v2,sweepN,60,pipeline,8,134.15376841235653,31.874736100000003,77.22,5.0
inception_resnet_v2,sweepN,70,parallel,1,21.694822085639988,46.06855358,76.7,4.0
inception_resnet_v2,sweepN,70,parallel,2,43.38650866558998,45.988423665,76.7,4.0
inception_resnet_v2,sweepN,70,parallel,3,64.77012429465223,46.10258548,76.7,4.0
inception_resnet_v2,sweepN,70,parallel,4,86.25876580662879,46.07201757499999,76.7,4.0
inception_resnet_v2,sweepN,70,parallel,5,107.37054837784716,46.192298634,76.7,4.0
inception_resnet_v2,sweepN,70,parallel,6,128.25058478884054,46.29547273833334,76.7,4.0
inception_resnet_v2,sweepN,70,parallel,7,149.5542332790186,46.34333233571429,76.7,4.0
inception_resnet_v2,sweepN,70,parallel,8,170.09296311408693,46.555116055,76.7,4.0
inception_resnet_v2,sweepN,70,pipeline,2,46.28213214257306,32.6789593,76.7,4.0
inception_resnet_v2,sweepN,70,pipeline,3,81.39333174955475,20.5896637,76.7,4.0
inception_resnet_v2,sweepN,70,pipeline,4,110.92128793693423,21.19480516666666,76.7,4.0
inception_resnet_v2,sweepN,70,pipeline,5,116.29455952663966,22.720327,76.7,4.0
inception_resnet_v2,sweepN,70,pipeline,6,133.2508979318296,25.825662233333333,76.7,4.0
inception_resnet_v2,sweepN,70,pipeline,7,147.2846583449784,29.192521466666665,76.7,4.0
inception_resnet_v2,sweepN,70,pipeline,8,126.96446675813348,34.99624466666667,76.7,4.0
inception_resnet_v2,sweepN,78,parallel,1,30.678198002457364,32.573731210000005,76.2,3.0
inception_resnet_v2,sweepN,78,parallel,2,61.12102832902973,32.621008655,76.2,3.0
inception_resnet_v2,sweepN,78,parallel,3,91.55556835624476,32.57486172666666,76.2,3.0
inception_resnet_v2,sweepN,78,parallel,4,121.23000598101268,32.659846785,76.2,3.0
inception_resnet_v2,sweepN,78,parallel,5,150.8611879231745,32.742781984000004,76.2,3.0
inception_resnet_v2,sweepN,78,parallel,6,180.25675861022253,32.80492202,76.2,3.0
inception_resnet_v2,sweepN,78,parallel,7,209.85482396472145,32.8923377,76.2,3.0
inception_resnet_v2,sweepN,78,parallel,8,238.4485203714471,33.06713345125,76.2,3.0
inception_resnet_v2,sweepN,78,pipeline,2,57.88582042412921,23.535830866666664,76.2,3.0
inception_resnet_v2,sweepN,78,pipeline,3,97.69507482414002,20.47005203333333,76.2,3.0
inception_resnet_v2,sweepN,78,pipeline,4,115.21046178828958,23.71030306666667,76.2,3.0
inception_resnet_v2,sweepN,78,pipeline,5,129.26016525141736,27.195512866666668,76.2,3.0
inception_resnet_v2,sweepN,78,pipeline,6,142.6110408175745,27.7554338,76.2,3.0
inception_resnet_v2,sweepN,78,pipeline,7,138.44785536179768,32.6969331,76.2,3.0
inception_resnet_v2,sweepN,78,pipeline,8,141.1197034774727,36.16346913333334,76.2,3.0
inception_resnet_v2,sweepN,87,parallel,1,51.99190721631965,19.20047095,74.4,2.0
inception_resnet_v2,sweepN,87,parallel,2,103.234696730642,19.272195675,74.4,2.0
inception_resnet_v2,sweepN,87,parallel,3,155.22832395759,19.16194636,74.4,2.0
inception_resnet_v2,sweepN,87,parallel,4,203.29313998404007,19.3603565425,74.4,2.0
inception_resnet_v2,sweepN,87,parallel,5,252.04969826624003,19.406280966,74.4,2.0
inception_resnet_v2,sweepN,87,parallel,6,300.2246686273973,19.5157319,74.4,2.0
inception_resnet_v2,sweepN,87,parallel,7,349.85590170106326,19.566183217142857,74.4,2.0
inception_resnet_v2,sweepN,87,parallel,8,396.71854729665824,19.7259899925,74.4,2.0
inception_resnet_v2,sweepN,87,pipeline,2,103.5210840610323,13.520176099999995,74.4,2.0
inception_resnet_v2,sweepN,87,pipeline,3,129.82485589638978,16.62997323333333,74.4,2.0
inception_resnet_v2,sweepN,87,pipeline,4,143.15902700117684,17.464702199999998,74.4,2.0
inception_resnet_v2,sweepN,87,pipeline,5,159.0879589131801,20.0030701,74.4,2.0
inception_resnet_v2,sweepN,87,pipeline,6,141.9800023693907,25.70449996666667,74.4,2.0
inception_resnet_v2,sweepN,87,pipeline,7,146.1883484483022,26.126490933333336,74.4,2.0
inception_resnet_v2,sweepN,87,pipeline,8,141.84887135278748,29.259674800000003,74.4,2.0
inception_resnet_v2,sweepN,95,parallel,1,149.18863566548103,6.6695480400000005,70.18,1.0
inception_resnet_v2,sweepN,95,parallel,2,293.5923434346348,6.70839075,70.18,1.0
inception_resnet_v2,sweepN,95,parallel,3,424.57643423458575,6.843056069999999,70.18,1.0
inception_resnet_v2,sweepN,95,parallel,4,548.1195465393837,6.9532343525,70.18,1.0
inception_resnet_v2,sweepN,95,parallel,5,676.9019384210663,6.966001458,70.18,1.0
inception_resnet_v2,sweepN,95,parallel,6,804.3427871999661,7.013758441666667,70.18,1.0
inception_resnet_v2,sweepN,95,parallel,7,930.0349705106504,7.0922908271428575,70.18,1.0
inception_resnet_v2,sweepN,95,parallel,8,1057.5320181235925,7.15479344375,70.18,1.0
inception_resnet_v2,sweepN,95,pipeline,2,147.3809199785553,8.779322533333334,70.18,1.0
inception_resnet_v2,sweepN,95,pipeline,3,176.33597055474252,9.469503566666663,70.18,1.0
inception_resnet_v2,sweepN,95,pipeline,4,187.8932855425008,11.5622223,70.18,1.0
inception_resnet_v2,sweepN,95,pipeline,5,196.42259611289583,11.986167833333337,70.18,1.0
inception_resnet_v2,sweepN,95,pipeline,6,205.4970890535897,13.748536366666665,70.18,1.0
inception_resnet_v2,sweepN,95,pipeline,7,175.313502003225,18.4426122,70.18,1.0
inception_resnet_v2,sweepN,95,pipeline,8,174.87118490137289,18.783275733333337,70.18,1.0
inception_v4,sweepN,10,parallel,1,10.22664824199494,97.75086394,78.78,8.0
inception_v4,sweepN,10,parallel,2,20.450969013253744,97.693270615,78.78,8.0
inception_v4,sweepN,10,parallel,3,30.622668732530013,97.7736027,78.78,8.0
inception_v4,sweepN,10,parallel,4,40.75322030619832,97.84553619,78.78,8.0
inception_v4,sweepN,10,parallel,5,50.87523350409422,97.90022061599998,78.78,8.0
inception_v4,sweepN,10,parallel,6,60.91694743527177,98.05338406833332,78.78,8.0
inception_v4,sweepN,10,parallel,7,71.01240936994462,98.12317615857144,78.78,8.0
inception_v4,sweepN,10,parallel,8,80.9445729401035,98.34586237874998,78.78,8.0
inception_v4,sweepN,10,pipeline,2,19.82709116579356,86.71314779999999,78.78,8.0
inception_v4,sweepN,10,pipeline,3,29.533015768122475,76.7186849,78.78,8.0
inception_v4,sweepN,10,pipeline,4,44.57651318197993,59.192097,78.78,8.0
inception_v4,sweepN,10,pipeline,5,58.667552130555336,46.75531666666666,78.78,8.0
inception_v4,sweepN,10,pipeline,6,79.12402062621427,34.73885356666667,78.78,8.0
inception_v4,sweepN,10,pipeline,7,92.68070791749044,36.97702323333333,78.78,8.0
inception_v4,sweepN,10,pipeline,8,119.77221098100136,36.4161573,78.78,8.0
inception_v4,sweepN,26,parallel,1,12.411148049676036,80.54065202000001,78.72,8.0
inception_v4,sweepN,26,parallel,2,24.82644722634181,80.45301913499999,78.72,8.0
inception_v4,sweepN,26,parallel,3,37.08055405197274,80.68411999333333,78.72,8.0
inception_v4,sweepN,26,parallel,4,49.41032274350701,80.63726262249999,78.72,8.0
inception_v4,sweepN,26,parallel,5,61.662794732143446,80.70338223799999,78.72,8.0
inception_v4,sweepN,26,parallel,6,73.82409205459133,80.81465788833334,78.72,8.0
inception_v4,sweepN,26,parallel,7,86.01295828321317,80.93084575,78.72,8.0
inception_v4,sweepN,26,parallel,8,98.09174967247436,81.09268098625,78.72,8.0
inception_v4,sweepN,26,pipeline,2,23.63007427426922,69.68001583333333,78.72,8.0
inception_v4,sweepN,26,pipeline,3,36.80593247795336,54.32967656666666,78.72,8.0
inception_v4,sweepN,26,pipeline,4,53.51179892142731,39.6564577,78.72,8.0
inception_v4,sweepN,26,pipeline,5,78.94668923021992,29.036871566666665,78.72,8.0
inception_v4,sweepN,26,pipeline,6,95.90716444280396,32.16428296666666,78.72,8.0
inception_v4,sweepN,26,pipeline,7,119.435689204612,29.38837453333333,78.72,8.0
inception_v4,sweepN,26,pipeline,8,115.78576746710974,34.347386799999995,78.72,8.0
inception_v4,sweepN,38,parallel,1,14.190222907809032,70.43821952000002,78.32,6.0
inception_v4,sweepN,38,parallel,2,28.35211780358476,70.433585925,78.32,6.0
inception_v4,sweepN,38,parallel,3,42.348060517656805,70.61899833333332,78.32,6.0
inception_v4,sweepN,38,parallel,4,56.397166674868814,70.590981295,78.32,6.0
inception_v4,sweepN,38,parallel,5,70.4091031674886,70.639041142,78.32,6.0
inception_v4,sweepN,38,parallel,6,84.23377680068569,70.76976790166667,78.32,6.0
inception_v4,sweepN,38,parallel,7,98.19166013645837,70.82920424714285,78.32,6.0
inception_v4,sweepN,38,parallel,8,111.85405659866883,71.05587799625,78.32,6.0
inception_v4,sweepN,38,pipeline,2,27.75604261447729,59.93465176666667,78.32,6.0
inception_v4,sweepN,38,pipeline,3,47.03462351839242,44.70896576666666,78.32,6.0
inception_v4,sweepN,38,pipeline,4,69.30443278976594,29.196029,78.32,6.0
inception_v4,sweepN,38,pipeline,5,84.77156559594499,28.50232963333333,78.32,6.0
inception_v4,sweepN,38,pipeline,6,108.26551938475286,28.2769998,78.32,6.0
inception_v4,sweepN,38,pipeline,7,119.4226282789029,31.409028266666677,78.32,6.0
inception_v4,sweepN,38,pipeline,8,120.89717907819332,34.38968863333333,78.32,6.0
inception_v4,sweepN,48,parallel,1,17.2018508717455,58.10022046,78.34,5.0
inception_v4,sweepN,48,parallel,2,34.36624185669604,58.09728898,78.34,5.0
inception_v4,sweepN,48,parallel,3,51.26995293159408,58.27600122,78.34,5.0
inception_v4,sweepN,48,parallel,4,68.18785867301631,58.384206160000005,78.34,5.0
inception_v4,sweepN,48,parallel,5,85.25900079868245,58.254338942,78.34,5.0
inception_v4,sweepN,48,parallel,6,101.9494297766108,58.380226505,78.34,5.0
inception_v4,sweepN,48,parallel,7,118.75014045384916,58.495824572857146,78.34,5.0
inception_v4,sweepN,48,parallel,8,135.2057820747296,58.68753863375,78.34,5.0
inception_v4,sweepN,48,pipeline,2,35.23636696611062,45.93721186666667,78.34,5.0
inception_v4,sweepN,48,pipeline,3,60.8272729560054,28.73235143333334,78.34,5.0
inception_v4,sweepN,48,pipeline,4,99.54627702846918,22.20178406666666,78.34,5.0
inception_v4,sweepN,48,pipeline,5,132.64499565078282,23.054586,78.34,5.0
inception_v4,sweepN,48,pipeline,6,133.52425842422772,24.08669623333333,78.34,5.0
inception_v4,sweepN,48,pipeline,7,138.85852072326577,28.0644038,78.34,5.0
inception_v4,sweepN,48,pipeline,8,144.35118983871672,29.652378466666665,78.34,5.0
inception_v4,sweepN,59,parallel,1,22.3462900861042,44.71713324999999,77.76,4.0
inception_v4,sweepN,59,parallel,2,44.61738243007074,44.7170995,77.76,4.0
inception_v4,sweepN,59,parallel,3,66.74540966754815,44.76375797,77.76,4.0
inception_v4,sweepN,59,parallel,4,88.57509674772716,44.8302261,77.76,4.0
inception_v4,sweepN,59,parallel,5,110.26270759599906,44.95604783,77.76,4.0
inception_v4,sweepN,59,parallel,6,131.80613611331725,45.077106803333336,77.76,4.0
inception_v4,sweepN,59,parallel,7,153.37282696481782,45.17023591571429,77.76,4.0
inception_v4,sweepN,59,parallel,8,174.58903441904073,45.3466444375,77.76,4.0
inception_v4,sweepN,59,pipeline,2,46.692418410124496,31.37795713333333,77.76,4.0
inception_v4,sweepN,59,pipeline,3,92.92078519230571,17.7754492,77.76,4.0
inception_v4,sweepN,59,pipeline,4,131.59869912106583,18.40688786666666,77.76,4.0
inception_v4,sweepN,59,pipeline,5,139.37922694510436,23.2046884,77.76,4.0
inception_v4,sweepN,59,pipeline,6,137.39026828183947,23.37749826666667,77.76,4.0
inception_v4,sweepN,59,pipeline,7,142.01310763089782,26.5834805,77.76,4.0
inception_v4,sweepN,59,pipeline,8,149.28158907027083,27.7059727,77.76,4.0
inception_v4,sweepN,70,parallel,1,32.30963398546801,30.91885231,77.68,3.0
inception_v4,sweepN,70,parallel,2,64.55639456316787,30.877299875,77.68,3.0
inception_v4,sweepN,70,parallel,3,96.48930920533977,30.907251353333333,77.68,3.0
inception_v4,sweepN,70,parallel,4,127.37709170109804,31.08993927,77.68,3.0
inception_v4,sweepN,70,parallel,5,158.5855502558224,31.156500468,77.68,3.0
inception_v4,sweepN,70,parallel,6,189.3233973646068,31.239886233333333,77.68,3.0
inception_v4,sweepN,70,parallel,7,220.14604188390973,31.339263802857147,77.68,3.0
inception_v4,sweepN,70,parallel,8,249.92620101034623,31.5302763125,77.68,3.0
inception_v4,sweepN,70,pipeline,2,69.94727353536722,18.11894953333333,77.68,3.0
inception_v4,sweepN,70,pipeline,3,113.32525451948396,16.28262923333333,77.68,3.0
inception_v4,sweepN,70,pipeline,4,120.92222534709435,19.938208133333333,77.68,3.0
inception_v4,sweepN,70,pipeline,5,126.99841724920545,21.039211533333333,77.68,3.0
inception_v4,sweepN,70,pipeline,6,111.28776560063338,26.21190153333333,77.68,3.0
inception_v4,sweepN,70,pipeline,7,111.47327527269344,27.820381500000007,77.68,3.0
inception_v4,sweepN,70,pipeline,8,110.04732361756106,32.63602436666667,77.68,3.0
inception_v4,sweepN,80,parallel,1,52.961727723837214,18.8480072,75.38,2.0
inception_v4,sweepN,80,parallel,2,105.8624754555204,18.784495705,75.38,2.0
inception_v4,sweepN,80,parallel,3,156.10962849865277,19.000281073333337,75.38,2.0
inception_v4,sweepN,80,parallel,4,206.08691893865333,19.04969924,75.38,2.0
inception_v4,sweepN,80,parallel,5,256.32974126675725,19.087528618,75.38,2.0
inception_v4,sweepN,80,parallel,6,305.52396043169574,19.17696107333333,75.38,2.0
inception_v4,sweepN,80,parallel,7,354.90266138702043,19.27720950571429,75.38,2.0
inception_v4,sweepN,80,parallel,8,402.5631546285142,19.4265476575,75.38,2.0
inception_v4,sweepN,80,pipeline,2,128.25371926423344,11.7440243,75.38,2.0
inception_v4,sweepN,80,pipeline,3,149.8310439971384,12.688562066666668,75.38,2.0
inception_v4,sweepN,80,pipeline,4,149.05574726832498,16.620408299999998,75.38,2.0
inception_v4,sweepN,80,pipeline,5,158.99437103324544,17.51926213333333,75.38,2.0
inception_v4,sweepN,80,pipeline,6,139.89207829770814,21.902214033333333,75.38,2.0
inception_v4,sweepN,80,pipeline,7,125.80604356708832,26.080567166666672,75.38,2.0
inception_v4,sweepN,80,pipeline,8,128.06739418551618,28.02128696666667,75.38,2.0
inception_v4,sweepN,90,parallel,1,147.0854053229867,6.765683600000001,71.34,1.0
inception_v4,sweepN,90,parallel,2,286.6442152393984,6.88555746,71.34,1.0
inception_v4,sweepN,90,parallel,3,406.700251620972,7.1275348266666665,71.34,1.0
inception_v4,sweepN,90,parallel,4,539.3301001320804,7.0393599825,71.34,1.0
inception_v4,sweepN,90,parallel,5,672.4013726675961,7.057076478,71.34,1.0
inception_v4,sweepN,90,parallel,6,795.6340557170303,7.120932298333334,71.34,1.0
inception_v4,sweepN,90,parallel,7,916.1007442322614,7.216724615714286,71.34,1.0
inception_v4,sweepN,90,parallel,8,1038.4423464493725,7.33186240125,71.34,1.0
inception_v4,sweepN,90,pipeline,2,173.8529722875111,8.724815066666668,71.34,1.0
inception_v4,sweepN,90,pipeline,3,195.8194528509192,10.251171933333334,71.34,1.0
inception_v4,sweepN,90,pipeline,4,176.04979040172142,13.0225395,71.34,1.0
inception_v4,sweepN,90,pipeline,5,170.89435752238091,15.997205966666662,71.34,1.0
inception_v4,sweepN,90,pipeline,6,163.62730502050476,19.786644233333337,71.34,1.0
inception_v4,sweepN,90,pipeline,7,171.33427550508327,20.236987366666664,71.34,1.0
inception_v4,sweepN,90,pipeline,8,190.89705339211525,21.7185813,71.34,1.0
resnet101,sweepN,7,parallel,1,10.452748579172102,95.64151331,76.04,6.0
resnet101,sweepN,7,parallel,2,20.89775096633016,95.61329163499998,76.04,6.0
resnet101,sweepN,7,parallel,3,31.31310815439933,95.66840662,76.04,6.0
resnet101,sweepN,7,parallel,4,41.7013956106507,95.7266378225,76.04,6.0
resnet101,sweepN,7,parallel,5,52.11485214076243,95.682810058,76.04,6.0
resnet101,sweepN,7,parallel,6,62.46546784006865,95.74737527,76.04,6.0
resnet101,sweepN,7,parallel,7,72.77936328053894,95.82838530571428,76.04,6.0
resnet101,sweepN,7,parallel,8,83.06360649076929,95.90721259125,76.04,6.0
resnet101,sweepN,7,pipeline,2,24.30262878237672,79.06723376666666,76.04,6.0
resnet101,sweepN,7,pipeline,3,42.04464154733214,61.97408893333333,76.04,6.0
resnet101,sweepN,7,pipeline,4,68.15976196168278,44.075373166666665,76.04,6.0
resnet101,sweepN,7,pipeline,5,112.5256876593588,29.672551533333337,76.04,6.0
resnet101,sweepN,7,pipeline,6,188.71968470677763,21.94514106666666,76.04,6.0
resnet101,sweepN,7,pipeline,7,140.95579040177867,30.08329506666666,76.04,6.0
resnet101,sweepN,7,pipeline,8,227.64686282225875,24.967575099999998,76.04,6.0
resnet101,sweepN,19,parallel,1,11.650829626380714,85.79831034000003,75.42,7.0
resnet101,sweepN,19,parallel,2,23.27455949480033,85.839637335,75.42,7.0
resnet101,sweepN,19,parallel,3,34.895782840165474,85.83419346999999,75.42,7.0
resnet101,sweepN,19,parallel,4,46.481679258379856,85.84968462,75.42,7.0
resnet101,sweepN,19,parallel,5,58.04161483255417,85.895008254,75.42,7.0
resnet101,sweepN,19,parallel,6,69.54698410729183,85.95661499833334,75.42,7.0
resnet101,sweepN,19,parallel,7,81.03223258613005,86.02386080714285,75.42,7.0
resnet101,sweepN,19,parallel,8,92.40759050012804,86.16024885375,75.42,7.0
resnet101,sweepN,19,pipeline,2,26.189119367744123,69.77336296666667,75.42,7.0
resnet101,sweepN,19,pipeline,3,47.14163289889503,53.35152913333333,75.42,7.0
resnet101,sweepN,19,pipeline,4,81.97608574935973,36.98689643333333,75.42,7.0
resnet101,sweepN,19,pipeline,5,142.17044700586496,27.509755733333336,75.42,7.0
resnet101,sweepN,19,pipeline,6,142.5658811692452,30.08635556666668,75.42,7.0
resnet101,sweepN,19,pipeline,7,201.4105749333341,25.3083856,75.42,7.0
resnet101,sweepN,19,pipeline,8,140.64082072987418,34.087020333333335,75.42,7.0
resnet101,sweepN,28,parallel,1,13.114867536374902,76.21630282,75.8,5.0
resnet101,sweepN,28,parallel,2,26.193052081635997,76.27726307500001,75.8,5.0
resnet101,sweepN,28,parallel,3,39.33294315613124,76.13632828666667,75.8,5.0
resnet101,sweepN,28,parallel,4,52.30116874308563,76.296954025,75.8,5.0
resnet101,sweepN,28,parallel,5,65.3344891844236,76.277837872,75.8,5.0
resnet101,sweepN,28,parallel,6,78.25752253180872,76.35295089666667,75.8,5.0
resnet101,sweepN,28,parallel,7,91.17818672567697,76.41341482714286,75.8,5.0
resnet101,sweepN,28,parallel,8,104.00135985002046,76.51826139625,75.8,5.0
resnet101,sweepN,28,pipeline,2,30.07952471367064,59.5771946,75.8,5.0
resnet101,sweepN,28,pipeline,3,57.00490036526465,43.7145385,75.8,5.0
resnet101,sweepN,28,pipeline,4,100.87523744076437,25.506690566666663,75.8,5.0
resnet101,sweepN,28,pipeline,5,186.91485405410629,18.69939043333333,75.8,5.0
resnet101,sweepN,28,pipeline,6,200.1718843943793,21.378445133333337,75.8,5.0
resnet101,sweepN,28,pipeline,7,221.79038451475148,23.40267633333333,75.8,5.0
resnet101,sweepN,28,pipeline,8,232.6766818109637,25.366338433333336,75.8,5.0
resnet101,sweepN,43,parallel,1,17.08366404900983,58.502885070000005,75.52,4.0
resnet101,sweepN,43,parallel,2,34.15728040327765,58.462428795,75.52,4.0
resnet101,sweepN,43,parallel,3,51.19282646471852,58.47295555666666,75.52,4.0
resnet101,sweepN,43,parallel,4,68.14482014038545,58.486213795000005,75.52,4.0
resnet101,sweepN,43,parallel,5,85.02234605251554,58.54623039,75.52,4.0
resnet101,sweepN,43,parallel,6,101.82920908220588,58.603919396666655,75.52,4.0
resnet101,sweepN,43,parallel,7,118.56017178566748,58.68281032142857,75.52,4.0
resnet101,sweepN,43,parallel,8,135.09250870214606,58.806290585000006,75.52,4.0
resnet101,sweepN,43,pipeline,2,41.12729183067545,41.42457156666666,75.52,4.0
resnet101,sweepN,43,pipeline,3,86.0624320790445,26.808602066666666,75.52,4.0
resnet101,sweepN,43,pipeline,4,177.36909699039035,16.819969566666664,75.52,4.0
resnet101,sweepN,43,pipeline,5,191.59329543939828,18.7325485,75.52,4.0
resnet101,sweepN,43,pipeline,6,208.20762277589185,21.4887863,75.52,4.0
resnet101,sweepN,43,pipeline,7,231.97238875339588,22.420966466666663,75.52,4.0
resnet101,sweepN,43,pipeline,8,238.77035559066223,25.6962534,75.52,4.0
resnet101,sweepN,58,parallel,1,23.805442576108742,41.98493181999999,75.06,3.0
resnet101,sweepN,58,parallel,2,47.52110932821414,42.00435830000001,75.06,3.0
resnet101,sweepN,58,parallel,3,71.18841240393637,42.01001602,75.06,3.0
resnet101,sweepN,58,parallel,4,94.65399933585358,42.061786675,75.06,3.0
resnet101,sweepN,58,parallel,5,118.0391316596326,42.098285682,75.06,3.0
resnet101,sweepN,58,parallel,6,141.2723962072882,42.149116575,75.06,3.0
resnet101,sweepN,58,parallel,7,164.38781259042386,42.22768937428571,75.06,3.0
resnet101,sweepN,58,parallel,8,187.17245458004663,42.322742335,75.06,3.0
resnet101,sweepN,58,pipeline,2,68.77052822617974,24.90286656666667,75.06,3.0
resnet101,sweepN,58,pipeline,3,176.53007637884446,12.637850066666669,75.06,3.0
resnet101,sweepN,58,pipeline,4,191.37837511170468,15.3275551,75.06,3.0
resnet101,sweepN,58,pipeline,5,212.55183408586424,16.611333100000003,75.06,3.0
resnet101,sweepN,58,pipeline,6,230.28258980627217,18.14286536666667,75.06,3.0
resnet101,sweepN,58,pipeline,7,235.2598876101879,20.014520800000003,75.06,3.0
resnet101,sweepN,58,pipeline,8,261.3719143091761,22.219110466666667,75.06,3.0
resnet101,sweepN,73,parallel,1,44.74039664029544,22.318014330000004,74.94,2.0
resnet101,sweepN,73,parallel,2,89.15514454665411,22.336070105,74.94,2.0
resnet101,sweepN,73,parallel,3,133.61250698719925,22.32161348,74.94,2.0
resnet101,sweepN,73,parallel,4,177.27144294918088,22.35707034,74.94,2.0
resnet101,sweepN,73,parallel,5,220.713077719135,22.39375319,74.94,2.0
resnet101,sweepN,73,parallel,6,263.21960079989,22.46084270333333,74.94,2.0
resnet101,sweepN,73,parallel,7,306.0122299317753,22.513647477142857,74.94,2.0
resnet101,sweepN,73,parallel,8,347.6967593328178,22.6056212525,74.94,2.0
resnet101,sweepN,73,pipeline,2,165.20524591746656,9.751677566666668,74.94,2.0
resnet101,sweepN,73,pipeline,3,217.8062588889321,11.5346568,74.94,2.0
resnet101,sweepN,73,pipeline,4,241.55793252372408,13.722248266666668,74.94,2.0
resnet101,sweepN,73,pipeline,5,261.64347955550426,15.9105225,74.94,2.0
resnet101,sweepN,73,pipeline,6,285.4370529377838,16.682609133333333,74.94,2.0
resnet101,sweepN,73,pipeline,7,288.49695756589995,18.981160100000004,74.94,2.0
resnet101,sweepN,73,pipeline,8,300.7065458134677,20.5832318,74.94,2.0
resnet101,sweepN,88,parallel,1,187.07775626714087,5.3121108800000005,71.32,1.0
resnet101,sweepN,88,parallel,2,369.8433210363573,5.324507785000001,71.32,1.0
resnet101,sweepN,88,parallel,3,541.3986183308748,5.408906443333333,71.32,1.0
resnet101,sweepN,88,parallel,4,716.2609188828958,5.3979539725,71.32,1.0
resnet101,sweepN,88,parallel,5,883.964654171211,5.414410156,71.32,1.0
resnet101,sweepN,88,parallel,6,1050.8364921186387,5.424118081666667,71.32,1.0
resnet101,sweepN,88,parallel,7,1213.5272836325018,5.468728048571428,71.32,1.0
resnet101,sweepN,88,parallel,8,1365.4292078736562,5.52872403875,71.32,1.0
resnet101,sweepN,88,pipeline,2,230.6019416549738,7.184312800000001,71.32,1.0
resnet101,sweepN,88,pipeline,3,258.630844260174,8.956866433333335,71.32,1.0
resnet101,sweepN,88,pipeline,4,271.6198789745478,10.458285966666669,71.32,1.0
resnet101,sweepN,88,pipeline,5,292.1541614304363,12.468108533333334,71.32,1.0
resnet101,sweepN,88,pipeline,6,303.3551780408224,13.888228466666666,71.32,1.0
resnet101,sweepN,88,pipeline,7,295.5661882601802,15.174339766666666,71.32,1.0
resnet101,sweepN,88,pipeline,8,304.0258180670468,16.507148633333333,71.32,1.0
inception_resnet_v2,wave,68,parallel,2,39.24385729471556,50.8755425875,76.4,4.0
inception_resnet_v2,wave,68,parallel,3,58.92363575861561,50.68049301666667,76.4,4.0
inception_resnet_v2,wave,68,parallel,4,78.46468405753232,50.657873759375,76.4,4.0
inception_resnet_v2,wave,68,parallel,5,97.99743599263476,50.65539199499999,76.4,4.0
inception_resnet_v2,wave,68,parallel,6,117.16709667739715,50.74814835416667,76.4,4.0
inception_resnet_v2,wave,68,parallel,7,136.33868318640873,50.88673276071429,76.4,4.0
inception_resnet_v2,wave,68,parallel,8,155.28440038887436,51.04578226562499,76.4,4.0
inception_resnet_v2,wave,68,pipeline,2,42.46543046560592,37.30788093333333,76.4,4.0
inception_resnet_v2,wave,68,pipeline,3,76.5573586664721,23.6954785,76.4,4.0
inception_resnet_v2,wave,68,pipeline,4,111.54046039713708,21.76887503333333,76.4,4.0
inception_resnet_v2,wave,68,pipeline,5,122.2499396623962,22.9043732,76.4,4.0
inception_resnet_v2,wave,68,pipeline,6,133.44501902996865,26.421423466666667,76.4,4.0
inception_resnet_v2,wave,68,pipeline,7,142.96231103893993,30.009892300000004,76.4,4.0
inception_resnet_v2,wave,68,pipeline,8,122.33414908241596,33.609563300000005,76.4,4.0
inception_resnet_v2,wave,68,parallel,1,19.78087132516796,50.5210641625,76.4,4.0
inception_resnet_v2,wave,86,parallel,1,53.30209127197191,18.728744775000003,75.95,2.0
inception_resnet_v2,wave,86,parallel,2,106.68263648837492,18.64635783125,75.95,2.0
inception_resnet_v2,wave,86,parallel,3,156.04868987527854,18.965542570833332,75.95,2.0
inception_resnet_v2,wave,86,parallel,4,208.94012170029487,18.839990809375003,75.95,2.0
inception_resnet_v2,wave,86,parallel,5,259.6599959691291,18.868825535,75.95,2.0
inception_resnet_v2,wave,86,parallel,6,308.54513495007944,18.992901035416665,75.95,2.0
inception_resnet_v2,wave,86,parallel,7,359.0334211228818,19.04690195,75.95,2.0
inception_resnet_v2,wave,86,parallel,8,406.31138198423713,19.241663465625,75.95,2.0
inception_resnet_v2,wave,86,pipeline,2,113.41017959848686,12.082377566666668,75.95,2.0
inception_resnet_v2,wave,86,pipeline,3,127.75066667324155,13.427707,75.95,2.0
inception_resnet_v2,wave,86,pipeline,4,137.3843643318626,15.87326066666667,75.95,2.0
inception_resnet_v2,wave,86,pipeline,5,148.07416371488225,18.61626946666667,75.95,2.0
inception_resnet_v2,wave,86,pipeline,6,132.09292550397714,23.8782766,75.95,2.0
inception_resnet_v2,wave,86,pipeline,7,134.09976444504727,24.191257600000004,75.95,2.0
inception_resnet_v2,wave,86,pipeline,8,127.20309459306915,27.75021686666667,75.95,2.0
inception_v2_bninception,wave,52,parallel,1,251.00665513084004,3.9573277125000006,67.0,1.0
inception_v2_bninception,wave,52,parallel,2,499.1411699039824,3.9287277375,67.0,1.0
inception_v2_bninception,wave,52,parallel,3,740.1106142186622,3.9376911875,67.0,1.0
inception_v2_bninception,wave,52,parallel,4,953.5860467475296,4.009526375,67.0,1.0
inception_v2_bninception,wave,52,parallel,5,1172.0212920639322,4.02020459,67.0,1.0
inception_v2_bninception,wave,52,parallel,6,1385.4046003277583,4.04849866875,67.0,1.0
inception_v2_bninception,wave,52,parallel,7,1595.246061905067,4.104223444642857,67.0,1.0
inception_v2_bninception,wave,52,parallel,8,1797.5261944574904,4.151935692187499,67.0,1.0
inception_v2_bninception,wave,52,pipeline,2,224.91224451357152,6.020697066666667,67.0,1.0
inception_v2_bninception,wave,52,pipeline,3,294.2707435769249,6.568949633333334,67.0,1.0
inception_v2_bninception,wave,52,pipeline,4,329.7407528739792,8.859609666666667,67.0,1.0
inception_v2_bninception,wave,52,pipeline,5,341.9803228967949,10.640732233333331,67.0,1.0
inception_v2_bninception,wave,52,pipeline,6,368.2302468614655,10.74620016666667,67.0,1.0
inception_v2_bninception,wave,52,pipeline,7,362.5371641378672,13.1925566,67.0,1.0
inception_v2_bninception,wave,52,pipeline,8,393.8211121551528,14.0645119,67.0,1.0
inception_v3,wave,65,parallel,1,63.17037542428116,15.807835225,73.85,2.0
inception_v3,wave,65,parallel,2,125.67027892688064,15.81577034375,73.85,2.0
inception_v3,wave,65,parallel,3,188.47802232348303,15.760600108333334,73.85,2.0
inception_v3,wave,65,parallel,4,244.50859745562093,16.012593415625002,73.85,2.0
inception_v3,wave,65,parallel,5,304.70554503135617,16.0163076675,73.85,2.0
inception_v3,wave,65,parallel,6,361.0883668277461,16.15398092708333,73.85,2.0
inception_v3,wave,65,parallel,7,419.75635357889513,16.236569773214285,73.85,2.0
inception_v3,wave,65,parallel,8,473.9928569780071,16.4326302515625,73.85,2.0
inception_v3,wave,65,pipeline,2,152.8615657400376,8.585467866666669,73.85,2.0
inception_v3,wave,65,pipeline,3,158.24894535237632,10.660645,73.85,2.0
inception_v3,wave,65,pipeline,4,183.7417162171757,12.007565466666668,73.85,2.0
inception_v3,wave,65,pipeline,5,215.30772005423256,12.802247766666664,73.85,2.0
inception_v3,wave,65,pipeline,6,223.89549525510037,16.731708366666666,73.85,2.0
inception_v3,wave,65,pipeline,7,235.0720084770728,17.411765799999998,73.85,2.0
inception_v3,wave,65,pipeline,8,235.0393101483428,18.845751233333328,73.85,2.0
inception_v3,wave,84,parallel,1,201.93271671041165,4.9201425875,69.7,1.0
inception_v3,wave,84,parallel,2,398.3138191053658,4.92354094375,69.7,1.0
inception_v3,wave,84,parallel,3,536.7855779277993,5.3211361625,69.7,1.0
inception_v3,wave,84,parallel,4,724.3383306294915,5.1431485375,69.7,1.0
inception_v3,wave,84,parallel,5,887.7856396473561,5.203996947499999,69.7,1.0
inception_v3,wave,84,parallel,6,1061.0503198295244,5.232825729166667,69.7,1.0
inception_v3,wave,84,parallel,7,1217.2870040217902,5.3477891982142856,69.7,1.0
inception_v3,wave,84,parallel,8,1375.3278843458588,5.4365827671875,69.7,1.0
inception_v3,wave,84,pipeline,2,199.0485647794821,6.738565233333333,69.7,1.0
inception_v3,wave,84,pipeline,3,213.7946823035741,7.321768866666668,69.7,1.0
inception_v3,wave,84,pipeline,4,240.23756588391373,9.182751233333333,69.7,1.0
inception_v3,wave,84,pipeline,5,248.46275549661965,11.971753533333333,69.7,1.0
inception_v3,wave,84,pipeline,6,259.72752634529934,11.4938319,69.7,1.0
inception_v3,wave,84,pipeline,7,226.7612595213793,16.82272173333333,69.7,1.0
inception_v3,wave,84,pipeline,8,207.90527532114663,17.9119961,69.7,1.0
inception_v4,wave,60,parallel,1,22.45635763386601,44.4983112625,77.45,4.0
inception_v4,wave,60,parallel,2,44.8862686775176,44.457936493750005,77.45,4.0
inception_v4,wave,60,parallel,3,66.97716569982961,44.59068669583333,77.45,4.0
inception_v4,wave,60,parallel,4,88.98595776253318,44.63763046875,77.45,4.0
inception_v4,wave,60,parallel,5,110.79883705374432,44.7463864325,77.45,4.0
inception_v4,wave,60,parallel,6,132.54521125992423,44.80907355833333,77.45,4.0
inception_v4,wave,60,parallel,7,154.4321957305241,44.88581298392857,77.45,4.0
inception_v4,wave,60,parallel,8,175.51543092109125,45.110584578125,77.45,4.0
inception_v4,wave,60,pipeline,2,47.97028162382142,30.7408169,77.45,4.0
inception_v4,wave,60,pipeline,3,83.71157282640685,20.330834066666668,77.45,4.0
inception_v4,wave,60,pipeline,4,125.51974391838408,17.9634449,77.45,4.0
inception_v4,wave,60,pipeline,5,128.67443397234354,22.6950292,77.45,4.0
inception_v4,wave,60,pipeline,6,141.34442759408816,25.991792499999995,77.45,4.0
inception_v4,wave,60,pipeline,7,124.853090635489,28.39661896666667,77.45,4.0
inception_v4,wave,60,pipeline,8,130.4066735210914,31.78721826666667,77.45,4.0
inception_v4,wave,91,parallel,1,136.9180334288288,7.280404837500001,69.9,1.0
inception_v4,wave,91,parallel,2,269.95388978348234,7.30642066875,69.9,1.0
inception_v4,wave,91,parallel,3,388.8659965637078,7.49780985,69.9,1.0
inception_v4,wave,91,parallel,4,508.7085377404386,7.515540734375,69.9,1.0
inception_v4,wave,91,parallel,5,629.902632580103,7.5525123475,69.9,1.0
inception_v4,wave,91,parallel,6,750.5320908985489,7.583135472916667,69.9,1.0
inception_v4,wave,91,parallel,7,870.3608014959277,7.654055375,69.9,1.0
inception_v4,wave,91,parallel,8,970.9252327783006,7.808002390625001,69.9,1.0
inception_v4,wave,91,pipeline,2,168.74480499343045,9.084879533333332,69.9,1.0
inception_v4,wave,91,pipeline,3,171.54045145883072,11.806833233333334,69.9,1.0
inception_v4,wave,91,pipeline,4,147.98446746150458,14.944344066666668,69.9,1.0
inception_v4,wave,91,pipeline,5,138.39929896603095,18.19884193333333,69.9,1.0
inception_v4,wave,91,pipeline,6,149.3446490778309,19.15940313333333,69.9,1.0
inception_v4,wave,91,pipeline,7,168.94312637140771,21.24916363333333,69.9,1.0
inception_v4,wave,91,pipeline,8,183.75592732881225,24.257042633333334,69.9,1.0
resnet101,wave,45,parallel,1,17.982559739415517,55.5766599375,74.35,4.0
resnet101,wave,45,parallel,2,35.91387791650523,55.60734586875,74.35,4.0
resnet101,wave,45,parallel,3,53.81721956140359,55.610979170833325,74.35,4.0
resnet101,wave,45,parallel,4,71.65562298635803,55.62043999687499,74.35,4.0
resnet101,wave,45,parallel,5,89.4221416951593,55.662080512500005,74.35,4.0
resnet101,wave,45,parallel,6,107.11570993339164,55.728426158333335,74.35,4.0
resnet101,wave,45,parallel,7,124.5976394295038,55.8227498625,74.35,4.0
resnet101,wave,45,parallel,8,141.99548673202736,55.93180180468751,74.35,4.0
resnet101,wave,45,pipeline,2,41.00404715891045,40.47852066666666,74.35,4.0
resnet101,wave,45,pipeline,3,77.8258891154982,27.77928033333333,74.35,4.0
resnet101,wave,45,pipeline,4,137.4563696730163,21.465393833333337,74.35,4.0
resnet101,wave,45,pipeline,5,152.0883624716924,23.567334500000005,74.35,4.0
resnet101,wave,45,pipeline,6,177.95956228425408,25.636100266666663,74.35,4.0
resnet101,wave,45,pipeline,7,196.18109900018976,27.8410532,74.35,4.0
resnet101,wave,45,pipeline,8,210.80674479025848,29.37915423333333,74.35,4.0
resnet101,wave,88,parallel,1,206.0519115440985,4.83215115,70.45,1.0
resnet101,wave,88,parallel,2,398.26840464758914,4.94348021875,70.45,1.0
resnet101,wave,88,parallel,3,600.3583238655991,4.884350316666668,70.45,1.0
resnet101,wave,88,parallel,4,779.2088874305995,4.9520532500000005,70.45,1.0
resnet101,wave,88,parallel,5,958.1705381627108,4.986544149999999,70.45,1.0
resnet101,wave,88,parallel,6,1136.538610572551,4.995595983333334,70.45,1.0
resnet101,wave,88,parallel,7,1311.289839291783,5.042592348214285,70.45,1.0
resnet101,wave,88,parallel,8,1468.887852471202,5.142226071874999,70.45,1.0
resnet101,wave,88,pipeline,2,235.44761564259804,6.800796866666667,70.45,1.0
resnet101,wave,88,pipeline,3,287.429895219803,8.1474899,70.45,1.0
resnet101,wave,88,pipeline,4,336.299918993757,10.135415099999998,70.45,1.0
resnet101,wave,88,pipeline,5,365.0694020891051,11.358210933333336,70.45,1.0
resnet101,wave,88,pipeline,6,383.0068680935214,12.906899666666668,70.45,1.0
resnet101,wave,88,pipeline,7,399.2866942849946,14.370277133333332,70.45,1.0
resnet101,wave,88,pipeline,8,374.518313271386,16.7812429,70.45,1.0
resnet152,wave,58,parallel,1,15.968399995919835,62.59111303750001,76.2,4.0
resnet152,wave,58,parallel,2,31.91966640301787,62.5723609,76.2,4.0
resnet152,wave,58,parallel,3,47.88790372678409,62.51597097916667,76.2,4.0
resnet152,wave,58,parallel,4,63.71643816041445,62.586623434375,76.2,4.0
resnet152,wave,58,parallel,5,79.52502819629956,62.6202873875,76.2,4.0
resnet152,wave,58,parallel,6,95.15050608220024,62.74970127499999,76.2,4.0
resnet152,wave,58,parallel,7,110.94249869846077,62.74574857678572,76.2,4.0
resnet152,wave,58,parallel,8,126.4701497360846,62.86071174062499,76.2,4.0
resnet152,wave,58,pipeline,2,40.69645234791299,45.55100296666667,76.2,4.0
resnet152,wave,58,pipeline,3,80.2463097886842,28.783939633333333,76.2,4.0
resnet152,wave,58,pipeline,4,171.34287172113702,17.8655166,76.2,4.0
resnet152,wave,58,pipeline,5,192.49650731930916,19.96250443333333,76.2,4.0
resnet152,wave,58,pipeline,6,208.9173803680453,21.98542533333334,76.2,4.0
resnet152,wave,58,pipeline,7,220.73685327861412,25.07892323333333,76.2,4.0
resnet152,wave,58,pipeline,8,243.7515426997051,26.39469246666666,76.2,4.0
resnet152,wave,81,parallel,1,41.954210027728095,23.8025528125,74.45,2.0
resnet152,wave,81,parallel,2,83.83022928934668,23.771453137500004,74.45,2.0
resnet152,wave,81,parallel,3,125.45899690228195,23.781958133333333,74.45,2.0
resnet152,wave,81,parallel,4,166.67805537885786,23.80449313125,74.45,2.0
resnet152,wave,81,parallel,5,207.4627105577495,23.852518957500003,74.45,2.0
resnet152,wave,81,parallel,6,247.8512076125904,23.8999200875,74.45,2.0
resnet152,wave,81,parallel,7,288.0429267246375,23.948583608928573,74.45,2.0
resnet152,wave,81,parallel,8,326.7186616716577,24.074835151562503,74.45,2.0
resnet152,wave,81,pipeline,2,161.8861894153204,10.39489636666667,74.45,2.0
resnet152,wave,81,pipeline,3,207.8215397783117,12.305288600000004,74.45,2.0
resnet152,wave,81,pipeline,4,217.37333619697344,13.924443599999998,74.45,2.0
resnet152,wave,81,pipeline,5,260.6220193413008,15.911642233333335,74.45,2.0
resnet152,wave,81,pipeline,6,273.18965615448354,17.9970409,74.45,2.0
resnet152,wave,81,pipeline,7,292.3883612444461,19.60862236666667,74.45,2.0
resnet152,wave,81,pipeline,8,305.76243516235894,21.774880766666666,74.45,2.0
resnet50,wave,47,parallel,1,43.47060798715573,22.9717367375,72.25,2.0
resnet50,wave,47,parallel,2,86.59579097044687,23.0041743,72.25,2.0
resnet50,wave,47,parallel,3,129.69417438729377,22.995786204166667,72.25,2.0
resnet50,wave,47,parallel,4,172.0460356179875,23.04309886875,72.25,2.0
resnet50,wave,47,parallel,5,214.34364800551285,23.07992923,72.25,2.0
resnet50,wave,47,parallel,6,256.19323925031944,23.123606075,72.25,2.0
resnet50,wave,47,parallel,7,297.72912954688866,23.165998698214285,72.25,2.0
resnet50,wave,47,parallel,8,337.52665960253955,23.3088032546875,72.25,2.0
resnet50,wave,47,pipeline,2,176.15370093883274,7.5567255666666675,72.25,2.0
resnet50,wave,47,pipeline,3,198.1592918973882,9.205410533333332,72.25,2.0
resnet50,wave,47,pipeline,4,222.18268974997432,11.202756733333333,72.25,2.0
resnet50,wave,47,pipeline,5,214.0959024021991,13.1405545,72.25,2.0
resnet50,wave,47,pipeline,6,257.6599019798606,13.938114499999996,72.25,2.0
resnet50,wave,47,pipeline,7,247.3012883683041,15.367092566666669,72.25,2.0
resnet50,wave,47,pipeline,8,271.5899026690026,16.641952733333333,72.25,2.0
